{
    "$schema": "http://json-schema.org/draft-07/schema",
    "$id": "http://example.com/example.json",
    "type": "object",
    "title": "The root schema",
    "description": "The root schema comprises the entire JSON document.",
    "default": {},
    "examples": [
        {
            "count": 3,
            "instances": [
                {
                    "index": 0,
                    "type": "DISPLAY"
                },
                {
                    "index": 1,
                    "type": "DISPLAY"
                },
                {
                    "index": 2,
                    "type": "DISPLAY"
                }
            ]
        }
    ],
    "required": [
        "count",
        "instances"
    ],
    "properties": {
        "count": {
            "$id": "#/properties/count",
            "type": "integer",
            "title": "The count schema",
            "description": "An explanation about the purpose of this instance.",
            "default": 0,
            "examples": [
                3
            ]
        },
        "instances": {
            "$id": "#/properties/instances",
            "type": "array",
            "title": "The instances schema",
            "description": "An explanation about the purpose of this instance.",
            "default": [],
            "examples": [
                [
                    {
                        "index": 0,
                        "type": "DISPLAY"
                    },
                    {
                        "index": 1,
                        "type": "DISPLAY"
                    }
                ]
            ],
            "additionalItems": true,
            "items": {
                "$id": "#/properties/instances/items",
                "anyOf": [
                    {
                        "$id": "#/properties/instances/items/anyOf/0",
                        "type": "object",
                        "title": "The first anyOf schema",
                        "description": "An explanation about the purpose of this instance.",
                        "default": {},
                        "examples": [
                            {
                                "index": 0,
                                "type": "DISPLAY"
                            }
                        ],
                        "required": [
                            "index",
                            "type"
                        ],
                        "properties": {
                            "index": {
                                "$id": "#/properties/instances/items/anyOf/0/properties/index",
                                "type": "integer",
                                "title": "The index schema",
                                "description": "An explanation about the purpose of this instance.",
                                "default": 0,
                                "examples": [
                                    0
                                ]
                            },
                            "type": {
                                "$id": "#/properties/instances/items/anyOf/0/properties/type",
                                "type": "string",
                                "title": "The type schema",
                                "description": "An explanation about the purpose of this instance.",
                                "default": "",
                                "examples": [
                                    "DISPLAY"
                                ]
                            }
                        },
                        "additionalProperties": true
                    }
                ]
            }
        }
    },
    "additionalProperties": true
}