{
    "$schema": "http://json-schema.org/draft-07/schema",
    "$id": "http://example.com/example.json",
    "type": "object",
    "title": "The root schema",
    "description": "The root schema comprises the entire JSON document.",
    "default": {},
    "examples": [
        {
            "main": "app.py",
            "scripts": [
                {
                    "filename": "scripts/script1.py",
                    "args": ""
                },
                {
                    "filename": "scripts/script2.py",
                    "args": ""
                }
            ]
        }
    ],
    "required": [
        "main",
        "scripts"
    ],
    "properties": {
        "main": {
            "$id": "#/properties/main",
            "type": "string",
            "title": "The main schema",
            "description": "An explanation about the purpose of this instance.",
            "default": "",
            "examples": [
                "app.py"
            ]
        },
        "scripts": {
            "$id": "#/properties/scripts",
            "type": "array",
            "title": "The scripts schema",
            "description": "An explanation about the purpose of this instance.",
            "default": [],
            "examples": [
                [
                    {
                        "filename": "scripts/script1.py",
                        "args": ""
                    },
                    {
                        "filename": "scripts/script2.py",
                        "args": ""
                    }
                ]
            ],
            "additionalItems": true,
            "items": {
                "$id": "#/properties/scripts/items",
                "anyOf": [
                    {
                        "$id": "#/properties/scripts/items/anyOf/0",
                        "type": "object",
                        "title": "The first anyOf schema",
                        "description": "An explanation about the purpose of this instance.",
                        "default": {},
                        "examples": [
                            {
                                "filename": "scripts/script1.py",
                                "args": ""
                            }
                        ],
                        "required": [
                            "filename",
                            "args"
                        ],
                        "properties": {
                            "filename": {
                                "$id": "#/properties/scripts/items/anyOf/0/properties/filename",
                                "type": "string",
                                "title": "The filename schema",
                                "description": "An explanation about the purpose of this instance.",
                                "default": "",
                                "examples": [
                                    "scripts/script1.py"
                                ]
                            },
                            "args": {
                                "$id": "#/properties/scripts/items/anyOf/0/properties/args",
                                "type": "string",
                                "title": "The args schema",
                                "description": "An explanation about the purpose of this instance.",
                                "default": "",
                                "examples": [
                                    ""
                                ]
                            }
                        },
                        "additionalProperties": true
                    }
                ]
            }
        }
    },
    "additionalProperties": true
}