{
    "$schema": "http://json-schema.org/draft-07/schema",
    "$id": "http://example.com/example.json",
    "type": "object",
    "title": "The root schema",
    "description": "The root schema comprises the entire JSON document.",
    "default": {},
    "examples": [
        {
            "count": 2,
            "instances": [
                {
                    "model_id": "2a30824424224c689b72e82e6690e74b"
                },
                {
                    "model_id": "2a30824424224c689b72e82e6690e74c"
                }
            ]
        }
    ],
    "required": [
        "count",
        "instances"
    ],
    "properties": {
        "count": {
            "$id": "#/properties/count",
            "type": "integer",
            "title": "The count schema",
            "description": "An explanation about the purpose of this instance.",
            "default": 0,
            "examples": [
                2
            ]
        },
        "instances": {
            "$id": "#/properties/instances",
            "type": "array",
            "title": "The instances schema",
            "description": "An explanation about the purpose of this instance.",
            "default": [],
            "examples": [
                [
                    {
                        "model_id": "2a30824424224c689b72e82e6690e74b"
                    },
                    {
                        "model_id": "2a30824424224c689b72e82e6690e74c"
                    }
                ]
            ],
            "additionalItems": true,
            "items": {
                "$id": "#/properties/instances/items",
                "anyOf": [
                    {
                        "$id": "#/properties/instances/items/anyOf/0",
                        "type": "object",
                        "title": "The first anyOf schema",
                        "description": "An explanation about the purpose of this instance.",
                        "default": {},
                        "examples": [
                            {
                                "model_id": "2a30824424224c689b72e82e6690e74b"
                            }
                        ],
                        "required": [
                            "model_id"
                        ],
                        "properties": {
                            "model_id": {
                                "$id": "#/properties/instances/items/anyOf/0/properties/model_id",
                                "type": "string",
                                "title": "The model_id schema",
                                "description": "An explanation about the purpose of this instance.",
                                "default": "",
                                "examples": [
                                    "2a30824424224c689b72e82e6690e74b"
                                ]
                            }
                        },
                        "additionalProperties": true
                    }
                ]
            }
        }
    },
    "additionalProperties": false
}