{
    "$schema": "http://json-schema.org/draft-07/schema",
    "$id": "http://example.com/example.json",
    "type": "object",
    "title": "The root schema",
    "description": "The root schema comprises the entire JSON document.",
    "default": {},
    "examples": [
        {
            "type": "Face Recog System",
            "description": "adasdasda adasda ",
            "readme": "readme.md",
            "preprocessing": {
                "name": "preprocess.py",
                "method_name": "preprocess",
                "input_params": [
                    {}
                ],
                "output_params": [
                    {}
                ]
            },
            "prediction": {
                "name": "model.pkl",
                "model_type": "pkl",
                "method_name": "predict",
                "input_params": [
                    {}
                ],
                "output_params": [
                    {}
                ]
            },
            "postprocessing": {
                "name": "postprocess.py",
                "method_name": "postprocess",
                "input_params": [
                    {}
                ],
                "output_params": [
                    {}
                ]
            },
            "dependency": "requirements.txt"
        }
    ],
    "required": [
        "type",
        "description",
        "readme",
        "preprocessing",
        "prediction",
        "postprocessing",
        "dependency"
    ],
    "properties": {
        "type": {
            "$id": "#/properties/type",
            "type": "string",
            "title": "The type schema",
            "description": "An explanation about the purpose of this instance.",
            "default": "",
            "examples": [
                "Face Recog System"
            ]
        },
        "description": {
            "$id": "#/properties/description",
            "type": "string",
            "title": "The description schema",
            "description": "An explanation about the purpose of this instance.",
            "default": "",
            "examples": [
                "adasdasda adasda "
            ]
        },
        "readme": {
            "$id": "#/properties/readme",
            "type": "string",
            "title": "The readme schema",
            "description": "An explanation about the purpose of this instance.",
            "default": "",
            "examples": [
                "readme.md"
            ]
        },
        "preprocessing": {
            "$id": "#/properties/preprocessing",
            "type": "object",
            "title": "The preprocessing schema",
            "description": "An explanation about the purpose of this instance.",
            "default": {},
            "examples": [
                {
                    "name": "preprocess.py",
                    "method_name": "preprocess",
                    "input_params": [
                        {}
                    ],
                    "output_params": [
                        {}
                    ]
                }
            ],
            "required": [
                "name",
                "method_name",
                "input_params",
                "output_params"
            ],
            "properties": {
                "name": {
                    "$id": "#/properties/preprocessing/properties/name",
                    "type": "string",
                    "title": "The name schema",
                    "description": "An explanation about the purpose of this instance.",
                    "default": "",
                    "examples": [
                        "preprocess.py"
                    ]
                },
                "method_name": {
                    "$id": "#/properties/preprocessing/properties/method_name",
                    "type": "string",
                    "title": "The method_name schema",
                    "description": "An explanation about the purpose of this instance.",
                    "default": "",
                    "examples": [
                        "preprocess"
                    ]
                },
                "input_params": {
                    "$id": "#/properties/preprocessing/properties/input_params",
                    "type": "array",
                    "title": "The input_params schema",
                    "description": "An explanation about the purpose of this instance.",
                    "default": [],
                    "examples": [
                        [
                            {}
                        ]
                    ],
                    "additionalItems": true,
                    "items": {
                        "$id": "#/properties/preprocessing/properties/input_params/items",
                        "anyOf": [
                            {
                                "$id": "#/properties/preprocessing/properties/input_params/items/anyOf/0",
                                "type": "object",
                                "title": "The first anyOf schema",
                                "description": "An explanation about the purpose of this instance.",
                                "default": {},
                                "examples": [
                                    {}
                                ],
                                "required": [],
                                "additionalProperties": true
                            }
                        ]
                    }
                },
                "output_params": {
                    "$id": "#/properties/preprocessing/properties/output_params",
                    "type": "array",
                    "title": "The output_params schema",
                    "description": "An explanation about the purpose of this instance.",
                    "default": [],
                    "examples": [
                        [
                            {}
                        ]
                    ],
                    "additionalItems": true,
                    "items": {
                        "$id": "#/properties/preprocessing/properties/output_params/items",
                        "anyOf": [
                            {
                                "$id": "#/properties/preprocessing/properties/output_params/items/anyOf/0",
                                "type": "object",
                                "title": "The first anyOf schema",
                                "description": "An explanation about the purpose of this instance.",
                                "default": {},
                                "examples": [
                                    {}
                                ],
                                "required": [],
                                "additionalProperties": true
                            }
                        ]
                    }
                }
            },
            "additionalProperties": true
        },
        "prediction": {
            "$id": "#/properties/prediction",
            "type": "object",
            "title": "The prediction schema",
            "description": "An explanation about the purpose of this instance.",
            "default": {},
            "examples": [
                {
                    "name": "model.pkl",
                    "model_type": "pkl",
                    "method_name": "predict",
                    "input_params": [
                        {}
                    ],
                    "output_params": [
                        {}
                    ]
                }
            ],
            "required": [
                "name",
                "model_type",
                "method_name",
                "input_params",
                "output_params"
            ],
            "properties": {
                "name": {
                    "$id": "#/properties/prediction/properties/name",
                    "type": "string",
                    "title": "The name schema",
                    "description": "An explanation about the purpose of this instance.",
                    "default": "",
                    "examples": [
                        "model.pkl"
                    ]
                },
                "model_type": {
                    "$id": "#/properties/prediction/properties/model_type",
                    "type": "string",
                    "title": "The model_type schema",
                    "description": "An explanation about the purpose of this instance.",
                    "default": "",
                    "examples": [
                        "pkl"
                    ]
                },
                "method_name": {
                    "$id": "#/properties/prediction/properties/method_name",
                    "type": "string",
                    "title": "The method_name schema",
                    "description": "An explanation about the purpose of this instance.",
                    "default": "",
                    "examples": [
                        "predict"
                    ]
                },
                "input_params": {
                    "$id": "#/properties/prediction/properties/input_params",
                    "type": "array",
                    "title": "The input_params schema",
                    "description": "An explanation about the purpose of this instance.",
                    "default": [],
                    "examples": [
                        [
                            {}
                        ]
                    ],
                    "additionalItems": true,
                    "items": {
                        "$id": "#/properties/prediction/properties/input_params/items",
                        "anyOf": [
                            {
                                "$id": "#/properties/prediction/properties/input_params/items/anyOf/0",
                                "type": "object",
                                "title": "The first anyOf schema",
                                "description": "An explanation about the purpose of this instance.",
                                "default": {},
                                "examples": [
                                    {}
                                ],
                                "required": [],
                                "additionalProperties": true
                            }
                        ]
                    }
                },
                "output_params": {
                    "$id": "#/properties/prediction/properties/output_params",
                    "type": "array",
                    "title": "The output_params schema",
                    "description": "An explanation about the purpose of this instance.",
                    "default": [],
                    "examples": [
                        [
                            {}
                        ]
                    ],
                    "additionalItems": true,
                    "items": {
                        "$id": "#/properties/prediction/properties/output_params/items",
                        "anyOf": [
                            {
                                "$id": "#/properties/prediction/properties/output_params/items/anyOf/0",
                                "type": "object",
                                "title": "The first anyOf schema",
                                "description": "An explanation about the purpose of this instance.",
                                "default": {},
                                "examples": [
                                    {}
                                ],
                                "required": [],
                                "additionalProperties": true
                            }
                        ]
                    }
                }
            },
            "additionalProperties": true
        },
        "postprocessing": {
            "$id": "#/properties/postprocessing",
            "type": "object",
            "title": "The postprocessing schema",
            "description": "An explanation about the purpose of this instance.",
            "default": {},
            "examples": [
                {
                    "name": "postprocess.py",
                    "method_name": "postprocess",
                    "input_params": [
                        {}
                    ],
                    "output_params": [
                        {}
                    ]
                }
            ],
            "required": [
                "name",
                "method_name",
                "input_params",
                "output_params"
            ],
            "properties": {
                "name": {
                    "$id": "#/properties/postprocessing/properties/name",
                    "type": "string",
                    "title": "The name schema",
                    "description": "An explanation about the purpose of this instance.",
                    "default": "",
                    "examples": [
                        "postprocess.py"
                    ]
                },
                "method_name": {
                    "$id": "#/properties/postprocessing/properties/method_name",
                    "type": "string",
                    "title": "The method_name schema",
                    "description": "An explanation about the purpose of this instance.",
                    "default": "",
                    "examples": [
                        "postprocess"
                    ]
                },
                "input_params": {
                    "$id": "#/properties/postprocessing/properties/input_params",
                    "type": "array",
                    "title": "The input_params schema",
                    "description": "An explanation about the purpose of this instance.",
                    "default": [],
                    "examples": [
                        [
                            {}
                        ]
                    ],
                    "additionalItems": true,
                    "items": {
                        "$id": "#/properties/postprocessing/properties/input_params/items",
                        "anyOf": [
                            {
                                "$id": "#/properties/postprocessing/properties/input_params/items/anyOf/0",
                                "type": "object",
                                "title": "The first anyOf schema",
                                "description": "An explanation about the purpose of this instance.",
                                "default": {},
                                "examples": [
                                    {}
                                ],
                                "required": [],
                                "additionalProperties": true
                            }
                        ]
                    }
                },
                "output_params": {
                    "$id": "#/properties/postprocessing/properties/output_params",
                    "type": "array",
                    "title": "The output_params schema",
                    "description": "An explanation about the purpose of this instance.",
                    "default": [],
                    "examples": [
                        [
                            {}
                        ]
                    ],
                    "additionalItems": true,
                    "items": {
                        "$id": "#/properties/postprocessing/properties/output_params/items",
                        "anyOf": [
                            {
                                "$id": "#/properties/postprocessing/properties/output_params/items/anyOf/0",
                                "type": "object",
                                "title": "The first anyOf schema",
                                "description": "An explanation about the purpose of this instance.",
                                "default": {},
                                "examples": [
                                    {}
                                ],
                                "required": [],
                                "additionalProperties": true
                            }
                        ]
                    }
                }
            },
            "additionalProperties": true
        },
        "dependency": {
            "$id": "#/properties/dependency",
            "type": "string",
            "title": "The dependency schema",
            "description": "An explanation about the purpose of this instance.",
            "default": "",
            "examples": [
                "requirements.txt"
            ]
        }
    },
    "additionalProperties": true
}